1,1,"https://source.unsplash.com/featured/?restaurant,food&sig=1",41:47.2
2,3,"https://source.unsplash.com/featured/?restaurant,food&sig=2",41:47.2
3,4,"https://source.unsplash.com/featured/?restaurant,food&sig=3",41:47.2
4,5,"https://source.unsplash.com/featured/?restaurant,food&sig=4",41:47.2
5,6,"https://source.unsplash.com/featured/?restaurant,food&sig=5",41:47.2
6,7,"https://source.unsplash.com/featured/?restaurant,food&sig=6",41:47.2
7,8,"https://source.unsplash.com/featured/?restaurant,food&sig=7",41:47.2
8,9,"https://source.unsplash.com/featured/?restaurant,food&sig=8",41:47.2
9,10,"https://source.unsplash.com/featured/?restaurant,food&sig=9",41:47.2
10,11,"https://source.unsplash.com/featured/?restaurant,food&sig=10",41:47.2
11,12,"https://source.unsplash.com/featured/?restaurant,food&sig=11",41:47.2
12,13,"https://source.unsplash.com/featured/?restaurant,food&sig=12",41:47.2
13,14,"https://source.unsplash.com/featured/?restaurant,food&sig=13",41:47.2
14,15,"https://source.unsplash.com/featured/?restaurant,food&sig=14",41:47.2
15,16,"https://source.unsplash.com/featured/?restaurant,food&sig=15",41:47.2
16,17,"https://source.unsplash.com/featured/?restaurant,food&sig=16",41:47.2
17,18,"https://source.unsplash.com/featured/?restaurant,food&sig=17",41:47.2
18,19,"https://source.unsplash.com/featured/?restaurant,food&sig=18",41:47.2
19,20,"https://source.unsplash.com/featured/?restaurant,food&sig=19",41:47.2
20,21,"https://source.unsplash.com/featured/?restaurant,food&sig=20",41:47.2
21,22,"https://source.unsplash.com/featured/?restaurant,food&sig=21",41:47.2
22,23,"https://source.unsplash.com/featured/?restaurant,food&sig=22",41:47.2
23,24,"https://source.unsplash.com/featured/?restaurant,food&sig=23",41:47.2
24,25,"https://source.unsplash.com/featured/?restaurant,food&sig=24",41:47.2
25,26,"https://source.unsplash.com/featured/?restaurant,food&sig=25",41:47.2
26,27,"https://source.unsplash.com/featured/?restaurant,food&sig=26",41:47.2
27,28,"https://source.unsplash.com/featured/?restaurant,food&sig=27",41:47.2
28,29,"https://source.unsplash.com/featured/?restaurant,food&sig=28",41:47.2
29,30,"https://source.unsplash.com/featured/?restaurant,food&sig=29",41:47.2
30,31,"https://source.unsplash.com/featured/?restaurant,food&sig=30",41:47.2
31,32,"https://source.unsplash.com/featured/?restaurant,food&sig=31",41:47.2
32,33,"https://source.unsplash.com/featured/?restaurant,food&sig=32",41:47.2
33,34,"https://source.unsplash.com/featured/?restaurant,food&sig=33",41:47.2
34,35,"https://source.unsplash.com/featured/?restaurant,food&sig=34",41:47.2
35,36,"https://source.unsplash.com/featured/?restaurant,food&sig=35",41:47.2
36,37,"https://source.unsplash.com/featured/?restaurant,food&sig=36",41:47.2
37,38,"https://source.unsplash.com/featured/?restaurant,food&sig=37",41:47.2
38,39,"https://source.unsplash.com/featured/?restaurant,food&sig=38",41:47.2
39,40,"https://source.unsplash.com/featured/?restaurant,food&sig=39",41:47.2
40,41,"https://source.unsplash.com/featured/?restaurant,food&sig=40",41:47.2
41,42,"https://source.unsplash.com/featured/?restaurant,food&sig=41",41:47.2
42,43,"https://source.unsplash.com/featured/?restaurant,food&sig=42",41:47.2
43,44,"https://source.unsplash.com/featured/?restaurant,food&sig=43",41:47.2
44,45,"https://source.unsplash.com/featured/?restaurant,food&sig=44",41:47.2
45,46,"https://source.unsplash.com/featured/?restaurant,food&sig=45",41:47.2
46,47,"https://source.unsplash.com/featured/?restaurant,food&sig=46",41:47.2
47,48,"https://source.unsplash.com/featured/?restaurant,food&sig=47",41:47.2
48,49,"https://source.unsplash.com/featured/?restaurant,food&sig=48",41:47.2
49,50,"https://source.unsplash.com/featured/?restaurant,food&sig=49",41:47.2
50,51,"https://source.unsplash.com/featured/?restaurant,food&sig=50",41:47.2
51,52,"https://source.unsplash.com/featured/?restaurant,food&sig=51",41:47.2
52,53,"https://source.unsplash.com/featured/?restaurant,food&sig=52",41:47.2
53,54,"https://source.unsplash.com/featured/?restaurant,food&sig=53",41:47.2
54,55,"https://source.unsplash.com/featured/?restaurant,food&sig=54",41:47.2
55,56,"https://source.unsplash.com/featured/?restaurant,food&sig=55",41:47.2
56,57,"https://source.unsplash.com/featured/?restaurant,food&sig=56",41:47.2
57,58,"https://source.unsplash.com/featured/?restaurant,food&sig=57",41:47.2
58,59,"https://source.unsplash.com/featured/?restaurant,food&sig=58",41:47.2
59,60,"https://source.unsplash.com/featured/?restaurant,food&sig=59",41:47.2
60,61,"https://source.unsplash.com/featured/?restaurant,food&sig=60",41:47.2
61,62,"https://source.unsplash.com/featured/?restaurant,food&sig=61",41:47.2
62,63,"https://source.unsplash.com/featured/?restaurant,food&sig=62",41:47.2
63,64,"https://source.unsplash.com/featured/?restaurant,food&sig=63",41:47.2
64,65,"https://source.unsplash.com/featured/?restaurant,food&sig=64",41:47.2
65,66,"https://source.unsplash.com/featured/?restaurant,food&sig=65",41:47.2
66,67,"https://source.unsplash.com/featured/?restaurant,food&sig=66",41:47.2
67,68,"https://source.unsplash.com/featured/?restaurant,food&sig=67",41:47.2
68,69,"https://source.unsplash.com/featured/?restaurant,food&sig=68",41:47.2
69,70,"https://source.unsplash.com/featured/?restaurant,food&sig=69",41:47.2
70,71,"https://source.unsplash.com/featured/?restaurant,food&sig=70",41:47.2
71,72,"https://source.unsplash.com/featured/?restaurant,food&sig=71",41:47.2
72,73,"https://source.unsplash.com/featured/?restaurant,food&sig=72",41:47.2
73,74,"https://source.unsplash.com/featured/?restaurant,food&sig=73",41:47.2
74,75,"https://source.unsplash.com/featured/?restaurant,food&sig=74",41:47.2
75,76,"https://source.unsplash.com/featured/?restaurant,food&sig=75",41:47.2
76,77,"https://source.unsplash.com/featured/?restaurant,food&sig=76",41:47.2
77,78,"https://source.unsplash.com/featured/?restaurant,food&sig=77",41:47.2
78,79,"https://source.unsplash.com/featured/?restaurant,food&sig=78",41:47.2
79,80,"https://source.unsplash.com/featured/?restaurant,food&sig=79",41:47.2
80,81,"https://source.unsplash.com/featured/?restaurant,food&sig=80",41:47.2
81,82,"https://source.unsplash.com/featured/?restaurant,food&sig=81",41:47.2
82,83,"https://source.unsplash.com/featured/?restaurant,food&sig=82",41:47.2
83,84,"https://source.unsplash.com/featured/?restaurant,food&sig=83",41:47.2
84,85,"https://source.unsplash.com/featured/?restaurant,food&sig=84",41:47.2
85,86,"https://source.unsplash.com/featured/?restaurant,food&sig=85",41:47.2
86,87,"https://source.unsplash.com/featured/?restaurant,food&sig=86",41:47.2
87,88,"https://source.unsplash.com/featured/?restaurant,food&sig=87",41:47.2
88,89,"https://source.unsplash.com/featured/?restaurant,food&sig=88",41:47.2
89,90,"https://source.unsplash.com/featured/?restaurant,food&sig=89",41:47.2
90,91,"https://source.unsplash.com/featured/?restaurant,food&sig=90",41:47.2
91,92,"https://source.unsplash.com/featured/?restaurant,food&sig=91",41:47.2
92,93,"https://source.unsplash.com/featured/?restaurant,food&sig=92",41:47.2
93,94,"https://source.unsplash.com/featured/?restaurant,food&sig=93",41:47.2
94,95,"https://source.unsplash.com/featured/?restaurant,food&sig=94",41:47.2
95,96,"https://source.unsplash.com/featured/?restaurant,food&sig=95",41:47.2
96,97,"https://source.unsplash.com/featured/?restaurant,food&sig=96",41:47.2
97,98,"https://source.unsplash.com/featured/?restaurant,food&sig=97",41:47.2
98,99,"https://source.unsplash.com/featured/?restaurant,food&sig=98",41:47.2
99,100,"https://source.unsplash.com/featured/?restaurant,food&sig=99",41:47.2
100,101,"https://source.unsplash.com/featured/?restaurant,food&sig=100",41:47.2
101,102,"https://source.unsplash.com/featured/?restaurant,food&sig=101",41:47.2
102,103,"https://source.unsplash.com/featured/?restaurant,food&sig=102",41:47.2
103,104,"https://source.unsplash.com/featured/?restaurant,food&sig=103",41:47.2
104,105,"https://source.unsplash.com/featured/?restaurant,food&sig=104",41:47.2
105,106,"https://source.unsplash.com/featured/?restaurant,food&sig=105",41:47.2
106,107,"https://source.unsplash.com/featured/?restaurant,food&sig=106",41:47.2
107,108,"https://source.unsplash.com/featured/?restaurant,food&sig=107",41:47.2
108,109,"https://source.unsplash.com/featured/?restaurant,food&sig=108",41:47.2
109,110,"https://source.unsplash.com/featured/?restaurant,food&sig=109",41:47.2
110,111,"https://source.unsplash.com/featured/?restaurant,food&sig=110",41:47.2
111,112,"https://source.unsplash.com/featured/?restaurant,food&sig=111",41:47.2
112,113,"https://source.unsplash.com/featured/?restaurant,food&sig=112",41:47.2
113,114,"https://source.unsplash.com/featured/?restaurant,food&sig=113",41:47.2
114,115,"https://source.unsplash.com/featured/?restaurant,food&sig=114",41:47.2
115,116,"https://source.unsplash.com/featured/?restaurant,food&sig=115",41:47.2
116,117,"https://source.unsplash.com/featured/?restaurant,food&sig=116",41:47.2
117,118,"https://source.unsplash.com/featured/?restaurant,food&sig=117",41:47.2
118,119,"https://source.unsplash.com/featured/?restaurant,food&sig=118",41:47.2
119,120,"https://source.unsplash.com/featured/?restaurant,food&sig=119",41:47.2
120,121,"https://source.unsplash.com/featured/?restaurant,food&sig=120",41:47.2
121,122,"https://source.unsplash.com/featured/?restaurant,food&sig=121",41:47.2
122,123,"https://source.unsplash.com/featured/?restaurant,food&sig=122",41:47.2
123,124,"https://source.unsplash.com/featured/?restaurant,food&sig=123",41:47.2
124,125,"https://source.unsplash.com/featured/?restaurant,food&sig=124",41:47.2
125,126,"https://source.unsplash.com/featured/?restaurant,food&sig=125",41:47.2
126,127,"https://source.unsplash.com/featured/?restaurant,food&sig=126",41:47.2
127,128,"https://source.unsplash.com/featured/?restaurant,food&sig=127",41:47.2
128,129,"https://source.unsplash.com/featured/?restaurant,food&sig=128",41:47.2
129,130,"https://source.unsplash.com/featured/?restaurant,food&sig=129",41:47.2
130,131,"https://source.unsplash.com/featured/?restaurant,food&sig=130",41:47.2
131,132,"https://source.unsplash.com/featured/?restaurant,food&sig=131",41:47.2
132,133,"https://source.unsplash.com/featured/?restaurant,food&sig=132",41:47.2
133,134,"https://source.unsplash.com/featured/?restaurant,food&sig=133",41:47.2
134,135,"https://source.unsplash.com/featured/?restaurant,food&sig=134",41:47.2
135,136,"https://source.unsplash.com/featured/?restaurant,food&sig=135",41:47.2
136,137,"https://source.unsplash.com/featured/?restaurant,food&sig=136",41:47.2
137,138,"https://source.unsplash.com/featured/?restaurant,food&sig=137",41:47.2
138,139,"https://source.unsplash.com/featured/?restaurant,food&sig=138",41:47.2
139,140,"https://source.unsplash.com/featured/?restaurant,food&sig=139",41:47.2
140,141,"https://source.unsplash.com/featured/?restaurant,food&sig=140",41:47.2
141,142,"https://source.unsplash.com/featured/?restaurant,food&sig=141",41:47.2
142,143,"https://source.unsplash.com/featured/?restaurant,food&sig=142",41:47.2
143,144,"https://source.unsplash.com/featured/?restaurant,food&sig=143",41:47.2
144,145,"https://source.unsplash.com/featured/?restaurant,food&sig=144",41:47.2
145,146,"https://source.unsplash.com/featured/?restaurant,food&sig=145",41:47.2
146,147,"https://source.unsplash.com/featured/?restaurant,food&sig=146",41:47.2
147,148,"https://source.unsplash.com/featured/?restaurant,food&sig=147",41:47.2
148,149,"https://source.unsplash.com/featured/?restaurant,food&sig=148",41:47.2
149,150,"https://source.unsplash.com/featured/?restaurant,food&sig=149",41:47.2
150,151,"https://source.unsplash.com/featured/?restaurant,food&sig=150",41:47.2
151,152,"https://source.unsplash.com/featured/?restaurant,food&sig=151",41:47.2
152,153,"https://source.unsplash.com/featured/?restaurant,food&sig=152",41:47.2
153,154,"https://source.unsplash.com/featured/?restaurant,food&sig=153",41:47.2
154,155,"https://source.unsplash.com/featured/?restaurant,food&sig=154",41:47.2
155,156,"https://source.unsplash.com/featured/?restaurant,food&sig=155",41:47.2
156,157,"https://source.unsplash.com/featured/?restaurant,food&sig=156",41:47.2
157,158,"https://source.unsplash.com/featured/?restaurant,food&sig=157",41:47.2
158,159,"https://source.unsplash.com/featured/?restaurant,food&sig=158",41:47.2
159,160,"https://source.unsplash.com/featured/?restaurant,food&sig=159",41:47.2
160,161,"https://source.unsplash.com/featured/?restaurant,food&sig=160",41:47.2
161,162,"https://source.unsplash.com/featured/?restaurant,food&sig=161",41:47.2
162,163,"https://source.unsplash.com/featured/?restaurant,food&sig=162",41:47.2
163,164,"https://source.unsplash.com/featured/?restaurant,food&sig=163",41:47.2
164,165,"https://source.unsplash.com/featured/?restaurant,food&sig=164",41:47.2
165,166,"https://source.unsplash.com/featured/?restaurant,food&sig=165",41:47.2
166,167,"https://source.unsplash.com/featured/?restaurant,food&sig=166",41:47.2
167,168,"https://source.unsplash.com/featured/?restaurant,food&sig=167",41:47.2
168,169,"https://source.unsplash.com/featured/?restaurant,food&sig=168",41:47.2
169,170,"https://source.unsplash.com/featured/?restaurant,food&sig=169",41:47.2
170,171,"https://source.unsplash.com/featured/?restaurant,food&sig=170",41:47.2
171,172,"https://source.unsplash.com/featured/?restaurant,food&sig=171",41:47.2
172,173,"https://source.unsplash.com/featured/?restaurant,food&sig=172",41:47.2
173,174,"https://source.unsplash.com/featured/?restaurant,food&sig=173",41:47.2
174,175,"https://source.unsplash.com/featured/?restaurant,food&sig=174",41:47.2
175,176,"https://source.unsplash.com/featured/?restaurant,food&sig=175",41:47.2
176,177,"https://source.unsplash.com/featured/?restaurant,food&sig=176",41:47.2
177,178,"https://source.unsplash.com/featured/?restaurant,food&sig=177",41:47.2
178,179,"https://source.unsplash.com/featured/?restaurant,food&sig=178",41:47.2
179,180,"https://source.unsplash.com/featured/?restaurant,food&sig=179",41:47.2
180,181,"https://source.unsplash.com/featured/?restaurant,food&sig=180",41:47.2
181,182,"https://source.unsplash.com/featured/?restaurant,food&sig=181",41:47.2
182,183,"https://source.unsplash.com/featured/?restaurant,food&sig=182",41:47.2
183,184,"https://source.unsplash.com/featured/?restaurant,food&sig=183",41:47.2
184,185,"https://source.unsplash.com/featured/?restaurant,food&sig=184",41:47.2
185,186,"https://source.unsplash.com/featured/?restaurant,food&sig=185",41:47.2
186,187,"https://source.unsplash.com/featured/?restaurant,food&sig=186",41:47.2
187,188,"https://source.unsplash.com/featured/?restaurant,food&sig=187",41:47.2
188,189,"https://source.unsplash.com/featured/?restaurant,food&sig=188",41:47.2
189,190,"https://source.unsplash.com/featured/?restaurant,food&sig=189",41:47.2
190,191,"https://source.unsplash.com/featured/?restaurant,food&sig=190",41:47.2
191,192,"https://source.unsplash.com/featured/?restaurant,food&sig=191",41:47.2
192,193,"https://source.unsplash.com/featured/?restaurant,food&sig=192",41:47.2
193,194,"https://source.unsplash.com/featured/?restaurant,food&sig=193",41:47.2
194,195,"https://source.unsplash.com/featured/?restaurant,food&sig=194",41:47.2
195,196,"https://source.unsplash.com/featured/?restaurant,food&sig=195",41:47.2
196,197,"https://source.unsplash.com/featured/?restaurant,food&sig=196",41:47.2
197,198,"https://source.unsplash.com/featured/?restaurant,food&sig=197",41:47.2
198,199,"https://source.unsplash.com/featured/?restaurant,food&sig=198",41:47.2
199,200,"https://source.unsplash.com/featured/?restaurant,food&sig=199",41:47.2
200,2,"https://source.unsplash.com/featured/?restaurant,food&sig=200",41:47.2
